0,2,23,0
1,6,13,0
2,8,8,0
3,10,22,0
4,12,3,0
5,17,14,0
6,19,7,0
7,26,2,0
8,27,11,0
9,27,5,0
10,30,11,0
11,30,21,0
12,32,23,0
13,39,5,0
14,41,4,0
15,42,3,0
16,49,19,0
17,51,22,0
18,54,5,0
19,54,21,0
20,55,14,0
21,56,10,0
22,57,23,0
23,68,21,0
24,71,18,0
25,84,21,0
26,86,14,0
27,86,6,0
28,92,4,0
29,93,12,0
30,96,8,0
31,98,17,0
32,98,18,0
33,98,9,0
34,98,10,0
35,99,9,0
36,99,8,0
37,100,7,0
38,101,13,0
39,102,19,0
40,102,23,0
41,108,22,0
42,109,22,0
43,113,9,0
44,115,23,0
45,118,24,0
46,118,9,0
47,119,4,0
48,120,3,0
49,121,3,0
50,140,22,0
51,144,4,0
52,145,22,0
53,148,14,0
54,148,17,0
55,151,25,0
56,152,12,0
57,153,23,0
58,157,22,0
59,161,13,0
60,165,21,0
61,167,5,0
62,169,17,0
63,170,10,0
64,176,18,0
65,178,18,0
66,179,24,0
67,179,3,0
68,184,3,0
69,185,24,0
70,186,19,0
71,191,17,0
72,193,6,0
73,196,4,0
74,200,12,0
75,201,24,0
76,202,21,0
77,203,25,0
78,203,17,0
79,204,20,0
80,206,18,0
81,210,22,0
82,211,3,0
83,213,22,0
84,214,2,0
85,219,14,0
86,221,23,0
87,226,8,0
88,226,7,0
89,228,17,0
90,230,10,0
91,235,7,0
92,237,11,0
93,240,18,0
94,249,22,0
95,250,11,0
96,251,20,0
97,251,22,0
98,254,8,0
99,255,11,0
100,258,4,0
101,259,22,0
102,264,20,0
103,265,7,0
104,267,7,0
105,268,2,0
106,269,12,0
107,270,16,0
108,270,23,0
109,272,7,0
110,272,17,0
111,277,9,0
112,289,16,0
113,296,9,0
114,300,10,0
115,307,5,0
116,309,16,0
117,311,20,0
118,315,12,0
119,321,24,0
120,323,11,0
121,325,20,0
122,330,4,0
123,330,15,0
124,336,15,0
125,337,11,0
126,341,9,0
127,344,24,0
128,345,17,0
129,348,5,0
130,350,13,0
131,352,6,0
132,355,12,0
133,358,18,0
134,358,15,0
135,362,11,0
136,364,15,0
137,367,10,0
138,367,2,0
139,375,12,0
140,379,11,0
141,382,8,0
142,384,2,0
143,392,16,0
144,393,9,0
145,395,18,0
146,401,21,0
147,404,18,0
148,405,25,0
149,408,16,0
150,409,8,0
151,416,23,0
152,422,19,0
153,423,13,0
154,424,9,0
155,424,10,0
156,427,17,0
157,429,4,0
158,432,13,0
159,436,23,0
160,436,14,0
161,438,11,0
162,441,20,0
163,448,11,0
164,452,14,0
165,455,16,0
166,456,11,0
167,457,5,0
168,463,10,0
169,463,4,0
170,463,12,0
171,469,9,0
172,471,19,0
173,472,25,0
174,476,11,0
175,477,21,0
176,482,7,0
177,482,21,0
178,485,22,0
179,486,22,0
180,487,20,0
181,489,25,0
182,490,16,0
183,492,24,0
184,493,8,0
185,494,12,0
186,498,22,0
187,499,20,0
188,500,18,0
189,501,20,0
190,502,18,0
191,505,5,0
192,506,20,0
193,508,7,0
194,515,6,0
195,519,6,0
196,520,4,0
197,522,16,0
198,523,22,0
199,524,23,0
200,529,22,0
201,531,6,0
202,537,12,0
203,546,13,0
204,547,14,0
205,551,14,0
206,552,14,0
207,554,13,0
208,555,9,0
209,560,20,0
210,564,17,0
211,566,10,0
212,567,15,0
213,570,9,0
214,571,2,0
215,579,3,0
216,581,3,0
217,584,8,0
218,584,19,0
219,589,19,0
220,595,10,0
221,600,8,0
222,602,4,0
223,609,2,0
224,611,11,0
225,618,11,0
226,619,12,0
227,620,6,0
228,620,17,0
229,620,16,0
230,624,12,0
231,626,6,0
232,630,4,0
233,633,22,0
234,633,24,0
235,634,19,0
236,636,17,0
237,637,14,0
238,639,17,0
239,639,14,0
240,640,16,0
241,641,23,0
242,642,18,0
243,650,14,0
244,651,21,0
245,654,21,0
246,656,22,0
247,656,8,0
248,656,9,0
249,656,6,0
250,658,15,0
251,663,11,0
252,664,10,0
253,665,5,0
254,667,14,0
255,668,5,0
256,669,6,0
257,670,10,0
258,672,15,0
259,672,10,0
260,681,14,0
261,682,25,0
262,684,6,0
263,685,22,0
264,685,11,0
265,687,20,0
266,689,17,0
267,704,24,0
268,706,17,0
269,708,6,0
270,712,22,0
271,715,9,0
272,717,9,0
273,717,20,0
274,722,5,0
275,722,3,0
276,725,14,0
277,728,8,0
278,730,24,0
279,735,8,0
280,735,14,0
281,736,8,0
282,742,16,0
283,744,12,0
284,748,24,0
285,749,4,0
286,758,17,0
287,762,15,0
288,763,23,0
289,763,24,0
290,765,8,0
291,769,13,0
292,769,11,0
293,770,18,0
294,771,22,0
295,775,20,0
296,776,18,0
297,776,5,0
298,779,21,0
299,790,20,0
300,793,25,0
301,795,14,0
302,797,15,0
303,806,12,0
304,811,6,0
305,815,18,0
306,815,3,0
307,815,8,0
308,817,16,0
309,817,22,0
310,820,5,0
311,820,9,0
312,823,24,0
313,825,18,0
314,826,25,0
315,826,13,0
316,833,13,0
317,835,24,0
318,837,7,0
319,838,14,0
320,838,2,0
321,842,13,0
322,844,10,0
323,853,14,0
324,854,18,0
325,856,12,0
326,857,9,0
327,861,24,0
328,861,2,0
329,862,2,0
330,864,12,0
331,865,22,0
332,865,25,0
333,868,16,0
334,870,14,0
335,874,19,0
336,875,19,0
337,877,21,0
338,878,18,0
339,878,16,0
340,883,14,0
341,884,21,0
342,892,16,0
343,894,17,0
344,895,4,0
345,897,23,0
346,898,25,0
347,903,12,0
348,904,22,0
349,905,2,0
350,905,6,0
351,905,3,0
352,908,17,0
353,912,18,0
354,913,8,0
355,914,21,0
356,915,2,0
357,915,22,0
358,916,23,0
359,917,4,0
360,918,19,0
361,927,22,0
362,931,8,0
363,931,19,0
364,933,6,0
365,933,12,0
366,936,18,0
367,937,20,0
368,941,13,0
369,943,3,0
370,947,19,0
371,948,17,0
372,953,2,0
373,962,10,0
374,971,13,0
375,973,11,0
376,976,6,0
377,982,7,0
378,987,7,0
379,1000,12,0
380,1001,11,0
381,1004,25,0
382,1008,15,0
383,1008,5,0
384,1010,5,0
385,1011,24,0
386,1012,8,0
387,1012,24,0
388,1013,24,0
389,1014,19,0
390,1015,20,0
391,1022,22,0
392,1023,19,0
393,1026,9,0
394,1027,12,0
395,1029,3,0
396,1032,24,0
397,1033,10,0
398,1035,20,0
399,1036,3,0
400,1041,4,0
401,1044,19,0
402,1044,4,0
403,1044,8,0
404,1049,22,0
405,1052,17,0
406,1058,10,0
407,1062,23,0
408,1062,12,0
409,1065,25,0
410,1072,24,0
411,1073,5,0
412,1074,7,0
413,1076,22,0
414,1081,22,0
415,1083,3,0
416,1083,24,0
417,1083,21,0
418,1085,23,0
419,1085,23,0
420,1087,4,0
421,1093,2,0
422,1097,18,0
423,1103,23,0
424,1106,12,0
425,1110,10,0
426,1112,16,0
427,1113,9,0
428,1115,7,0
429,1115,4,0
430,1117,8,0
431,1119,18,0
432,1120,24,0
433,1121,17,0
434,1122,16,0
435,1124,3,0
436,1125,20,0
437,1127,2,0
438,1128,10,0
439,1133,2,0
440,1134,16,0
441,1136,5,0
442,1136,9,0
443,1141,19,0
444,1143,6,0
445,1145,22,0
446,1151,7,0
447,1152,21,0
448,1157,11,0
449,1163,16,0
450,1164,8,0
451,1165,24,0
452,1165,23,0
453,1166,5,0
454,1166,19,0
455,1169,12,0
456,1170,9,0
457,1172,21,0
458,1173,8,0
459,1174,24,0
460,1180,15,0
461,1181,24,0
462,1183,18,0
463,1190,7,0
464,1195,6,0
465,1196,4,0
466,1196,2,0
467,1200,5,0
468,1201,17,0
469,1202,7,0
470,1205,25,0
471,1205,23,0
472,1205,16,0
473,1207,20,0
474,1208,14,0
475,1211,25,0
476,1212,23,0
477,1213,12,0
478,1215,17,0
479,1217,20,0
480,1219,24,0
481,1220,2,0
482,1223,8,0
483,1224,23,0
484,1226,13,0
485,1227,10,0
486,1229,14,0
487,1230,8,0
488,1234,6,0
489,1237,12,0
490,1238,3,0
491,1238,14,0
492,1239,9,0
493,1239,24,0
494,1242,15,0
495,1242,12,0
496,1242,15,0
497,1252,20,0
498,1262,6,0
499,1266,15,0
500,1277,13,0
501,1279,10,0
502,1288,2,0
503,1290,21,0
504,1292,11,0
505,1294,2,0
506,1295,21,0
507,1295,7,0
508,1301,6,0
509,1304,12,0
510,1304,16,0
511,1306,5,0
512,1310,7,0
513,1311,7,0
514,1313,18,0
515,1313,10,0
516,1313,25,0
517,1313,7,0
518,1315,21,0
519,1316,16,0
520,1317,9,0
521,1320,24,0
522,1324,7,0
523,1326,9,0
524,1331,11,0
525,1331,13,0
526,1332,11,0
527,1345,14,0
528,1347,20,0
529,1347,21,0
530,1349,13,0
531,1351,7,0
532,1352,13,0
533,1353,18,0
534,1354,20,0
535,1355,13,0
536,1355,21,0
537,1356,24,0
538,1361,22,0
539,1362,18,0
540,1363,7,0
541,1363,19,0
542,1364,3,0
543,1366,12,0
544,1369,16,0
545,1371,12,0
546,1371,21,0
547,1375,16,0
548,1377,4,0
549,1377,3,0
550,1378,19,0
551,1383,21,0
552,1383,13,0
553,1384,21,0
554,1385,12,0
555,1386,6,0
556,1387,12,0
557,1389,14,0
558,1391,10,0
559,1393,2,0
560,1394,25,0
561,1396,23,0
562,1397,12,0
563,1398,13,0
564,1400,9,0
565,1401,11,0
566,1405,25,0
567,1406,8,0
568,1407,21,0
569,1408,22,0
570,1411,24,0
571,1411,13,0
572,1413,24,0
573,1415,5,0
574,1416,18,0
575,1425,11,0
576,1429,22,0
577,1429,5,0
578,1432,12,0
579,1437,22,0
580,1439,3,0
581,1440,5,0
582,1442,20,0
583,1442,21,0
584,1443,14,0
585,1450,14,0
586,1451,25,0
587,1467,3,0
588,1472,22,0
589,1472,10,0
590,1479,21,0
591,1479,18,0
592,1483,2,0
593,1486,21,0
594,1486,12,0
595,1488,12,0
596,1497,17,0
597,1497,2,0
598,1500,4,0
599,1503,17,0
600,1504,14,0
601,1508,19,0
602,1515,12,0
603,1516,7,0
604,1520,23,0
605,1521,24,0
606,1526,5,0
607,1530,19,0
608,1532,18,0
609,1533,3,0
610,1539,18,0
611,1541,24,0
612,1541,6,0
613,1541,22,0
614,1542,16,0
615,1548,22,0
616,1550,16,0
617,1555,9,0
618,1558,20,0
619,1558,10,0
620,1558,23,0
621,1563,14,0
622,1568,3,0
623,1569,15,0
624,1570,5,0
625,1572,25,0
626,1573,22,0
627,1576,11,0
628,1577,19,0
629,1580,14,0
630,1589,12,0
631,1591,12,0
632,1593,3,0
633,1594,2,0
634,1596,10,0
635,1597,9,0
636,1603,19,0
637,1606,16,0
638,1607,24,0
639,1610,2,0
640,1617,14,0
641,1619,21,0
642,1623,7,0
643,1625,9,0
644,1630,21,0
645,1632,22,0
646,1634,4,0
647,1638,25,0
648,1640,2,0
649,1640,9,0
650,1649,5,0
651,1658,23,0
652,1660,10,0
653,1663,14,0
654,1664,16,0
655,1665,4,0
656,1666,24,0
657,1671,20,0
658,1674,21,0
659,1675,15,0
660,1677,5,0
661,1680,17,0
662,1680,7,0
663,1686,13,0
664,1689,19,0
665,1693,11,0
666,1694,10,0
667,1694,5,0
668,1698,9,0
669,1699,21,0
670,1700,17,0
671,1704,14,0
672,1709,6,0
673,1712,18,0
674,1714,10,0
675,1717,12,0
676,1718,15,0
677,1720,4,0
678,1721,20,0
679,1722,17,0
680,1723,7,0
681,1723,25,0
682,1726,12,0
683,1730,18,0
684,1730,2,0
685,1734,4,0
686,1737,17,0
687,1738,8,0
688,1739,5,0
689,1739,5,0
690,1742,19,0
691,1742,5,0
692,1744,17,0
693,1748,23,0
694,1753,14,0
695,1757,7,0
696,1757,6,0
697,1762,24,0
698,1763,20,0
699,1765,8,0
700,1766,25,0
701,1768,18,0
702,1771,11,0
703,1772,2,0
704,1774,8,0
705,1788,6,0
706,1795,18,0
707,1795,8,0
708,1796,23,0
709,1800,9,0
710,1800,17,0
711,1801,20,0
712,1805,13,0
713,1808,25,0
714,1814,15,0
715,1817,21,0
716,1818,5,0
717,1819,14,0
718,1820,8,0
719,1822,8,0
720,1823,3,0
721,1827,22,0
722,1830,25,0
723,1833,10,0
724,1833,18,0
725,1836,22,0
726,1837,21,0
727,1839,16,0
728,1839,22,0
729,1846,18,0
730,1850,20,0
731,1859,17,0
732,1867,20,0
733,1869,10,0
734,1871,23,0
735,1873,19,0
736,1876,3,0
737,1879,8,0
738,1879,13,0
739,1888,13,0
740,1889,3,0
741,1891,7,0
742,1893,7,0
743,1893,15,0
744,1896,14,0
745,1902,21,0
746,1902,23,0
747,1904,13,0
748,1905,24,0
749,1905,7,0
750,1906,2,0
751,1906,13,0
752,1928,12,0
753,1928,14,0
754,1934,19,0
755,1937,12,0
756,1939,23,0
757,1941,3,0
758,1941,21,0
759,1943,2,0
760,1945,5,0
761,1948,13,0
762,1949,21,0
763,1950,3,0
764,1950,3,0
765,1951,13,0
766,1957,17,0
767,1957,15,0
768,1958,18,0
769,1959,17,0
770,1960,18,0
771,1960,25,0
772,1963,24,0
773,1964,3,0
774,1965,25,0
775,1968,16,0
776,1969,2,0
777,1976,20,0
778,1977,19,0
779,1979,5,0
780,1980,9,0
781,1980,13,0
782,1984,16,0
783,1988,3,0
784,1989,5,0
785,1991,19,0
786,1992,23,0
787,1995,14,0
788,1998,14,0
789,1999,22,0
790,2001,8,0
791,2006,13,0
792,2007,16,0
793,2009,13,0
794,2010,21,0
795,2014,3,0
796,2024,13,0
797,2024,8,0
798,2027,4,0
799,2031,8,0
800,2033,23,0
801,2036,23,0
802,2041,10,0
803,2050,17,0
804,2051,11,0
805,2051,20,0
806,2053,2,0
807,2054,22,0
808,2055,15,0
809,2058,16,0
810,2062,8,0
811,2063,3,0
812,2076,17,0
813,2081,16,0
814,2082,13,0
815,2083,24,0
816,2087,7,0
817,2090,7,0
818,2092,13,0
819,2097,6,0
820,2100,3,0
821,2101,25,0
822,2102,18,0
823,2106,12,0
824,2109,11,0
825,2111,25,0
826,2112,7,0
827,2114,19,0
828,2115,20,0
829,2116,2,0
830,2117,13,0
831,2119,20,0
832,2120,18,0
833,2121,9,0
834,2122,2,0
835,2125,13,0
836,2128,6,0
837,2128,11,0
838,2144,12,0
839,2145,5,0
840,2148,10,0
841,2150,19,0
842,2157,25,0
843,2157,10,0
844,2163,6,0
845,2164,21,0
846,2165,19,0
847,2169,16,0
848,2172,10,0
849,2174,24,0
850,2174,24,0
851,2177,14,0
852,2179,3,0
853,2185,16,0
854,2187,14,0
855,2196,11,0
856,2197,16,0
857,2200,25,0
858,2216,9,0
859,2217,13,0
860,2218,2,0
861,2221,17,0
862,2221,19,0
863,2222,17,0
864,2222,10,0
865,2225,25,0
866,2226,20,0
867,2227,11,0
868,2228,23,0
869,2241,6,0
870,2244,3,0
871,2245,3,0
872,2247,8,0
873,2247,3,0
874,2248,11,0
875,2248,22,0
876,2248,24,0
877,2249,7,0
878,2259,22,0
879,2260,22,0
880,2265,15,0
881,2265,16,0
882,2266,19,0
883,2272,9,0
884,2277,12,0
885,2282,18,0
886,2285,4,0
887,2285,11,0
888,2294,18,0
889,2296,12,0
890,2299,14,0
891,2301,5,0
892,2301,3,0
893,2303,9,0
894,2303,16,0
895,2308,23,0
896,2309,11,0
897,2311,23,0
898,2320,3,0
899,2322,13,0
900,2324,23,0
901,2324,15,0
902,2324,11,0
903,2325,5,0
904,2326,18,0
905,2327,4,0
906,2330,25,0
907,2333,2,0
908,2335,5,0
909,2339,11,0
910,2345,7,0
911,2345,12,0
912,2347,21,0
913,2347,25,0
914,2350,25,0
915,2354,24,0
916,2355,12,0
917,2359,5,0
918,2360,25,0
919,2360,22,0
920,2363,25,0
921,2367,24,0
922,2372,14,0
923,2374,3,0
924,2378,11,0
925,2379,18,0
926,2384,24,0
927,2384,18,0
928,2386,18,0
929,2388,22,0
930,2388,22,0
931,2395,17,0
932,2396,20,0
933,2398,22,0
934,2400,24,0
935,2410,19,0
936,2411,7,0
937,2413,11,0
938,2422,19,0
939,2423,8,0
940,2424,17,0
941,2425,2,0
942,2429,24,0
943,2429,21,0
944,2433,20,0
945,2439,25,0
946,2441,3,0
947,2442,10,0
948,2444,3,0
949,2444,9,0
950,2448,10,0
951,2448,4,0
952,2448,18,0
953,2452,15,0
954,2454,13,0
955,2455,22,0
956,2455,2,0
957,2455,24,0
958,2457,9,0
959,2457,9,0
960,2460,9,0
961,2463,24,0
962,2469,19,0
963,2471,4,0
964,2471,8,0
965,2473,25,0
966,2475,6,0
967,2478,20,0
968,2482,14,0
969,2482,6,0
970,2482,12,0
971,2487,15,0
972,2490,15,0
973,2490,11,0
974,2491,24,0
975,2500,15,0
976,2501,3,0
977,2504,21,0
978,2505,9,0
979,2508,21,0
980,2512,8,0
981,2512,16,0
982,2513,9,0
983,2515,6,0
984,2516,16,0
985,2520,9,0
986,2521,13,0
987,2522,14,0
988,2531,13,0
989,2535,22,0
990,2535,15,0
991,2537,24,0
992,2540,22,0
993,2541,17,0
994,2548,10,0
995,2550,20,0
996,2553,3,0
997,2553,6,0
998,2555,19,0
999,2556,10,0
1000,2557,18,0
1001,2561,5,0
1002,2563,9,0
1003,2570,14,0
1004,2571,22,0
1005,2573,9,0
1006,2576,22,0
1007,2580,24,0
1008,2584,12,0
1009,2588,17,0
1010,2588,17,0
1011,2591,17,0
1012,2593,20,0
1013,2595,13,0
1014,2597,7,0
1015,2602,21,0
1016,2603,2,0
1017,2604,20,0
1018,2608,9,0
1019,2608,22,0
1020,2612,23,0
1021,2612,5,0
1022,2619,20,0
1023,2622,9,0
1024,2624,4,0
1025,2625,15,0
1026,2628,11,0
1027,2629,12,0
1028,2633,23,0
1029,2633,21,0
1030,2641,10,0
1031,2641,2,0
1032,2642,11,0
1033,2644,18,0
1034,2644,16,0
1035,2647,20,0
1036,2650,5,0
1037,2650,8,0
1038,2653,15,0
1039,2656,13,0
1040,2657,17,0
1041,2658,4,0
1042,2659,15,0
1043,2661,3,0
1044,2669,18,0
1045,2670,15,0
1046,2672,12,0
1047,2676,25,0
1048,2679,10,0
1049,2685,3,0
1050,2692,15,0
1051,2692,18,0
1052,2692,16,0
1053,2694,13,0
1054,2695,16,0
1055,2695,12,0
1056,2696,2,0
1057,2698,22,0
1058,2700,15,0
1059,2707,5,0
1060,2710,16,0
1061,2711,22,0
1062,2711,8,0
1063,2712,21,0
1064,2713,17,0
1065,2714,15,0
1066,2716,4,0
1067,2717,24,0
1068,2722,15,0
1069,2724,15,0
1070,2724,5,0
1071,2728,6,0
1072,2730,7,0
1073,2732,17,0
1074,2733,24,0
1075,2741,24,0
1076,2742,8,0
1077,2743,21,0
1078,2745,23,0
1079,2746,16,0
1080,2752,6,0
1081,2755,17,0
1082,2755,9,0
1083,2759,17,0
1084,2764,11,0
1085,2772,13,0
1086,2776,4,0
1087,2777,6,0
1088,2777,14,0
1089,2779,14,0
1090,2779,7,0
1091,2782,6,0
1092,2785,22,0
1093,2791,12,0
1094,2794,20,0
1095,2795,19,0
1096,2795,5,0
1097,2797,22,0
1098,2799,3,0
1099,2800,5,0
1100,2802,7,0
1101,2806,23,0
1102,2810,20,0
1103,2810,9,0
1104,2812,18,0
1105,2812,19,0
1106,2813,2,0
1107,2814,4,0
1108,2816,2,0
1109,2817,2,0
1110,2817,4,0
1111,2821,3,0
1112,2823,7,0
1113,2826,23,0
1114,2826,25,0
1115,2830,12,0
1116,2830,14,0
1117,2836,21,0
1118,2837,15,0
1119,2838,5,0
1120,2839,25,0
1121,2841,8,0
1122,2841,23,0
1123,2842,22,0
1124,2843,15,0
1125,2846,17,0
1126,2847,12,0
1127,2850,2,0
1128,2859,19,0
1129,2860,24,0
1130,2862,21,0
1131,2862,24,0
1132,2863,2,0
1133,2864,22,0
1134,2867,19,0
1135,2870,4,0
1136,2874,8,0
1137,2875,22,0
1138,2875,23,0
1139,2878,6,0
1140,2879,15,0
1141,2881,19,0
1142,2882,7,0
1143,2883,11,0
1144,2885,5,0
1145,2886,2,0
1146,2887,9,0
1147,2887,4,0
1148,2889,10,0
1149,2893,17,0
1150,2893,10,0
1151,2894,17,0
1152,2902,18,0
1153,2904,10,0
1154,2913,7,0
1155,2916,9,0
1156,2917,24,0
1157,2919,13,0
1158,2920,6,0
1159,2922,9,0
1160,2922,16,0
1161,2924,15,0
1162,2927,23,0
1163,2931,11,0
1164,2931,2,0
1165,2933,7,0
1166,2934,23,0
1167,2935,21,0
1168,2937,20,0
1169,2938,10,0
1170,2939,25,0
1171,2939,14,0
1172,2943,25,0
1173,2945,3,0
1174,2946,2,0
1175,2948,11,0
1176,2950,4,0
1177,2951,17,0
1178,2951,19,0
1179,2954,19,0
1180,2955,21,0
1181,2956,18,0
1182,2962,10,0
1183,2963,22,0
1184,2963,25,0
1185,2965,2,0
1186,2976,20,0
1187,2978,23,0
1188,2979,3,0
1189,2980,24,0
1190,2981,17,0
1191,2984,25,0
1192,2986,12,0
1193,2989,6,0
1194,2990,5,0
1195,2991,14,0
1196,2992,3,0
1197,2992,4,0
1198,2993,10,0
1199,2997,6,0
1200,2999,6,0
1201,3003,9,0
1202,3010,10,0
1203,3012,12,0
1204,3015,16,0
1205,3017,14,0
1206,3019,8,0
1207,3022,16,0
1208,3023,15,0
1209,3024,17,0
1210,3025,23,0
1211,3029,18,0
1212,3030,24,0
1213,3031,22,0
1214,3031,23,0
1215,3032,2,0
1216,3033,18,0
1217,3033,7,0
1218,3041,14,0
1219,3042,2,0
1220,3044,13,0
1221,3046,4,0
1222,3048,20,0
1223,3050,25,0
1224,3051,13,0
1225,3052,10,0
1226,3054,18,0
1227,3054,4,0
1228,3058,5,0
1229,3059,22,0
1230,3061,5,0
1231,3063,4,0
1232,3064,4,0
1233,3065,24,0
1234,3065,9,0
1235,3071,14,0
1236,3078,6,0
1237,3078,2,0
1238,3079,3,0
1239,3082,23,0
1240,3086,18,0
1241,3089,22,0
1242,3090,22,0
1243,3105,5,0
1244,3106,22,0
1245,3108,14,0
1246,3116,9,0
1247,3117,17,0
1248,3122,2,0
1249,3129,17,0
1250,3129,24,0
1251,3129,10,0
1252,3131,21,0
1253,3131,24,0
1254,3134,9,0
1255,3134,16,0
1256,3135,16,0
1257,3137,18,0
1258,3140,14,0
1259,3145,5,0
1260,3149,8,0
1261,3149,11,0
1262,3149,15,0
1263,3152,11,0
1264,3152,18,0
1265,3153,6,0
1266,3154,12,0
1267,3163,17,0
1268,3167,10,0
1269,3167,7,0
1270,3169,8,0
1271,3173,15,0
1272,3173,12,0
1273,3174,8,0
1274,3176,8,0
1275,3178,18,0
1276,3182,6,0
1277,3183,6,0
1278,3196,8,0
1279,3197,7,0
1280,3198,8,0
1281,3206,2,0
1282,3210,17,0
1283,3210,19,0
1284,3215,4,0
1285,3223,23,0
1286,3228,3,0
1287,3229,23,0
1288,3231,4,0
1289,3235,15,0
1290,3236,23,0
1291,3236,9,0
1292,3241,8,0
1293,3243,24,0
1294,3248,14,0
1295,3248,19,0
1296,3249,6,0
1297,3250,11,0
1298,3254,23,0
1299,3259,20,0
1300,3260,9,0
1301,3261,10,0
1302,3267,6,0
1303,3270,19,0
1304,3276,13,0
1305,3282,3,0
1306,3284,21,0
1307,3285,3,0
1308,3288,21,0
1309,3297,14,0
1310,3297,23,0
1311,3304,8,0
1312,3305,7,0
1313,3308,2,0
1314,3320,6,0
1315,3328,6,0
1316,3331,17,0
1317,3337,6,0
1318,3339,5,0
1319,3347,16,0
1320,3348,15,0
1321,3349,3,0
1322,3353,9,0
1323,3354,23,0
1324,3356,11,0
1325,3356,5,0
1326,3357,16,0
1327,3357,11,0
1328,3357,5,0
1329,3359,24,0
1330,3360,16,0
1331,3360,20,0
1332,3362,13,0
1333,3362,5,0
1334,3364,2,0
1335,3364,3,0
1336,3364,3,0
1337,3367,11,0
1338,3372,7,0
1339,3375,5,0
1340,3375,13,0
1341,3392,14,0
1342,3393,14,0
1343,3395,2,0
1344,3396,9,0
1345,3398,2,0
1346,3402,9,0
1347,3403,13,0
1348,3407,17,0
1349,3410,15,0
1350,3414,25,0
1351,3421,12,0
1352,3424,9,0
1353,3424,12,0
1354,3435,14,0
1355,3436,8,0
1356,3436,6,0
1357,3436,11,0
1358,3438,19,0
1359,3440,17,0
1360,3442,24,0
1361,3442,22,0
1362,3443,6,0
1363,3448,16,0
1364,3448,8,0
1365,3449,3,0
1366,3459,23,0
1367,3461,17,0
1368,3462,14,0
1369,3466,11,0
1370,3468,18,0
1371,3469,7,0
1372,3469,12,0
1373,3470,11,0
1374,3470,19,0
1375,3471,22,0
1376,3474,23,0
1377,3477,23,0
1378,3477,14,0
1379,3485,2,0
1380,3492,5,0
1381,3493,22,0
1382,3495,21,0
1383,3498,18,0
1384,3498,6,0
1385,3500,13,0
1386,3503,4,0
1387,3507,8,0
1388,3508,4,0
1389,3510,7,0
1390,3511,24,0
1391,3522,12,0
1392,3523,10,0
1393,3540,3,0
1394,3544,23,0
1395,3549,18,0
1396,3552,16,0
1397,3560,25,0
1398,3562,11,0
1399,3563,19,0
1400,3566,14,0
1401,3569,13,0
1402,3572,11,0
1403,3572,3,0
1404,3580,3,0
1405,3583,9,0
1406,3584,20,0
1407,3587,10,0
1408,3592,18,0
1409,3595,14,0
1410,3598,10,0
1411,3600,18,0
1412,3601,17,0
1413,3601,8,0
1414,3603,10,0
1415,3609,16,0
1416,3618,11,0
1417,3622,3,0
1418,3624,25,0
1419,3625,25,0
1420,3626,19,0
1421,3627,12,0
1422,3630,12,0
1423,3633,6,0
1424,3640,8,0
1425,3640,4,0
1426,3646,7,0
1427,3647,11,0
1428,3649,6,0
1429,3650,4,0
1430,3652,2,0
1431,3652,2,0
1432,3653,21,0
1433,3653,3,0
1434,3657,21,0
1435,3661,7,0
1436,3669,11,0
1437,3672,10,0
1438,3672,7,0
1439,3677,22,0
1440,3681,6,0
1441,3681,20,0
1442,3682,8,0
1443,3683,18,0
1444,3684,10,0
1445,3688,19,0
1446,3688,18,0
1447,3694,6,0
1448,3695,16,0
1449,3698,10,0
1450,3704,19,0
1451,3706,10,0
1452,3706,20,0
1453,3707,9,0
1454,3708,25,0
1455,3718,21,0
1456,3723,22,0
1457,3729,2,0
1458,3729,8,0
1459,3734,15,0
1460,3735,13,0
1461,3737,7,0
1462,3738,10,0
1463,3740,17,0
1464,3743,24,0
1465,3750,3,0
1466,3760,15,0
1467,3761,20,0
1468,3765,19,0
1469,3768,18,0
1470,3769,20,0
1471,3773,13,0
1472,3773,5,0
1473,3774,7,0
1474,3778,23,0
1475,3779,23,0
1476,3794,6,0
1477,3795,18,0
1478,3797,3,0
1479,3801,14,0
1480,3801,3,0
1481,3802,6,0
1482,3803,23,0
1483,3803,4,0
1484,3810,15,0
1485,3816,12,0
1486,3819,8,0
1487,3821,15,0
1488,3822,20,0
1489,3827,25,0
1490,3829,4,0
1491,3830,21,0
1492,3833,7,0
1493,3833,6,0
1494,3833,2,0
1495,3836,8,0
1496,3838,18,0
1497,3839,22,0
1498,3845,16,0
1499,3848,12,0
1500,3853,18,0
1501,3853,20,0
1502,3854,24,0
1503,3854,22,0
1504,3856,13,0
1505,3859,14,0
1506,3860,10,0
1507,3860,13,0
1508,3863,22,0
1509,3864,12,0
1510,3866,7,0
1511,3869,8,0
1512,3876,9,0
1513,3878,10,0
1514,3885,21,0
1515,3887,18,0
1516,3889,5,0
1517,3894,7,0
1518,3894,21,0
1519,3896,14,0
1520,3903,25,0
1521,3903,19,0
1522,3906,11,0
1523,3907,4,0
1524,3912,5,0
1525,3917,10,0
1526,3918,22,0
1527,3922,24,0
1528,3930,23,0
1529,3930,10,0
1530,3931,15,0
1531,3931,15,0
1532,3934,10,0
1533,3939,17,0
1534,3944,6,0
1535,3946,11,0
1536,3949,18,0
1537,3954,6,0
1538,3955,24,0
1539,3958,16,0
1540,3968,19,0
1541,3968,6,0
1542,3971,14,0
1543,3972,4,0
1544,3974,10,0
1545,3974,25,0
1546,3977,5,0
1547,3979,9,0
1548,3980,20,0
1549,3983,14,0
1550,3983,23,0
1551,3987,12,0
1552,3988,18,0
1553,3993,11,0
1554,3999,18,0
1555,3999,22,0
1556,4006,9,0
1557,4008,20,0
1558,4012,18,0
1559,4015,22,0
1560,4035,24,0
1561,4036,18,0
1562,4038,20,0
1563,4040,2,0
1564,4043,25,0
1565,4045,17,0
1566,4045,15,0
1567,4047,13,0
1568,4055,15,0
1569,4056,2,0
1570,4058,24,0
1571,4059,11,0
1572,4063,13,0
1573,4063,17,0
1574,4069,16,0
1575,4070,5,0
1576,4075,4,0
1577,4075,15,0
1578,4077,20,0
1579,4083,25,0
1580,4092,2,0
1581,4093,21,0
1582,4094,2,0
1583,4095,2,0
1584,4096,9,0
1585,4098,21,0
1586,4099,21,0
1587,4101,24,0
1588,4101,2,0
1589,4103,23,0
1590,4105,24,0
1591,4105,6,0
1592,4106,6,0
1593,4110,19,0
1594,4112,10,0
1595,4112,16,0
1596,4114,3,0
1597,4117,9,0
1598,4121,3,0
1599,4125,5,0
1600,4125,8,0
1601,4129,19,0
1602,4136,4,0
1603,4136,15,0
1604,4142,18,0
1605,4143,6,0
1606,4145,15,0
1607,4146,21,0
1608,4147,4,0
1609,4151,19,0
1610,4153,7,0
1611,4154,22,0
1612,4157,21,0
1613,4157,17,0
1614,4162,11,0
1615,4166,21,0
1616,4167,21,0
1617,4168,8,0
1618,4171,16,0
1619,4172,20,0
1620,4173,22,0
1621,4176,20,0
1622,4178,9,0
1623,4180,13,0
1624,4181,20,0
1625,4186,15,0
1626,4190,21,0
1627,4193,23,0
1628,4193,18,0
1629,4194,18,0
1630,4195,4,0
1631,4197,7,0
1632,4200,5,0
1633,4203,19,0
1634,4204,23,0
1635,4206,18,0
1636,4209,11,0
1637,4216,8,0
1638,4216,14,0
1639,4217,2,0
1640,4220,10,0
1641,4221,15,0
1642,4222,4,0
1643,4223,11,0
1644,4223,19,0
1645,4229,19,0
1646,4231,6,0
1647,4232,15,0
1648,4234,23,0
1649,4235,20,0
1650,4236,17,0
1651,4239,2,0
1652,4239,25,0
1653,4240,16,0
1654,4242,11,0
1655,4243,20,0
1656,4244,20,0
1657,4245,18,0
1658,4246,10,0
1659,4246,5,0
1660,4250,22,0
1661,4251,23,0
1662,4251,21,0
1663,4260,18,0
1664,4263,4,0
1665,4269,4,0
1666,4271,6,0
1667,4274,24,0
1668,4274,17,0
1669,4276,21,0
1670,4278,5,0
1671,4278,25,0
1672,4279,9,0
1673,4280,16,0
1674,4281,23,0
1675,4283,23,0
1676,4284,17,0
1677,4284,2,0
1678,4285,10,0
1679,4285,5,0
1680,4288,21,0
1681,4289,7,0
1682,4296,17,0
1683,4296,24,0
1684,4306,25,0
1685,4306,13,0
1686,4307,14,0
1687,4315,7,0
1688,4315,13,0
1689,4315,16,0
1690,4316,20,0
1691,4318,25,0
1692,4319,22,0
1693,4320,21,0
1694,4320,4,0
1695,4322,21,0
1696,4323,12,0
1697,4329,21,0
1698,4335,4,0
1699,4336,4,0
1700,4340,5,0
1701,4340,2,0
1702,4342,24,0
1703,4345,24,0
1704,4346,9,0
1705,4347,16,0
1706,4348,17,0
1707,4348,10,0
1708,4352,10,0
1709,4352,3,0
1710,4355,17,0
1711,4356,7,0
1712,4356,14,0
1713,4360,8,0
1714,4363,4,0
1715,4363,13,0
1716,4365,12,0
1717,4365,2,0
1718,4366,8,0
1719,4367,24,0
1720,4369,17,0
1721,4370,3,0
1722,4373,4,0
1723,4375,13,0
1724,4377,24,0
1725,4377,6,0
1726,4377,16,0
1727,4383,14,0
1728,4386,10,0
1729,4387,7,0
1730,4388,22,0
1731,4389,6,0
1732,4392,10,0
1733,4393,20,0
1734,4395,15,0
1735,4395,2,0
1736,4400,8,0
1737,4401,20,0
1738,4407,25,0
1739,4410,23,0
1740,4419,6,0
1741,4421,14,0
1742,4430,23,0
1743,4435,3,0
1744,4436,11,0
1745,4436,9,0
1746,4440,11,0
1747,4443,14,0
1748,4444,24,0
1749,4451,18,0
1750,4452,20,0
1751,4459,9,0
1752,4466,23,0
1753,4467,4,0
1754,4469,14,0
1755,4472,19,0
1756,4473,19,0
1757,4476,25,0
1758,4477,25,0
1759,4481,5,0
1760,4486,5,0
1761,4493,5,0
1762,4495,23,0
1763,4495,15,0
1764,4499,18,0
1765,4501,25,0
1766,4503,21,0
1767,4504,8,0
1768,4508,21,0
1769,4510,8,0
1770,4514,3,0
1771,4517,18,0
1772,4518,6,0
1773,4520,21,0
1774,4526,5,0
1775,4534,4,0
1776,4537,16,0
1777,4539,8,0
1778,4540,25,0
1779,4543,14,0
1780,4549,5,0
1781,4550,8,0
1782,4551,5,0
1783,4555,17,0
1784,4558,23,0
1785,4561,16,0
1786,4564,5,0
1787,4569,24,0
1788,4569,25,0
1789,4570,22,0
1790,4570,25,0
1791,4571,9,0
1792,4572,19,0
1793,4575,18,0
1794,4584,16,0
1795,4587,11,0
1796,4590,18,0
1797,4591,20,0
1798,4598,25,0
1799,4599,8,0
1800,4599,4,0
1801,4602,22,0
1802,4605,12,0
1803,4608,5,0
1804,4613,3,0
1805,4613,14,0
1806,4616,5,0
1807,4616,7,0
1808,4620,20,0
1809,4627,11,0
1810,4632,21,0
1811,4632,21,0
1812,4637,21,0
1813,4639,11,0
1814,4641,8,0
1815,4642,21,0
1816,4642,3,0
1817,4647,4,0
1818,4648,14,0
1819,4650,23,0
1820,4650,25,0
1821,4655,4,0
1822,4656,5,0
1823,4663,20,0
1824,4669,18,0
1825,4670,22,0
1826,4672,13,0
1827,4679,20,0
1828,4694,23,0
1829,4695,25,0
1830,4695,5,0
1831,4697,12,0
1832,4701,11,0
1833,4702,9,0
1834,4707,21,0
1835,4709,10,0
1836,4710,8,0
1837,4711,14,0
1838,4716,12,0
1839,4718,6,0
1840,4722,2,0
1841,4723,9,0
1842,4724,8,0
1843,4724,9,0
1844,4725,5,0
1845,4728,5,0
1846,4730,22,0
1847,4733,18,0
1848,4733,22,0
1849,4740,21,0
1850,4744,25,0
1851,4747,13,0
1852,4748,11,0
1853,4760,6,0
1854,4761,24,0
1855,4768,19,0
1856,4771,6,0
1857,4774,23,0
1858,4774,6,0
1859,4778,11,0
1860,4780,19,0
1861,4785,8,0
1862,4791,25,0
1863,4791,18,0
1864,4795,16,0
1865,4800,5,0
1866,4805,23,0
1867,4806,18,0
1868,4809,3,0
1869,4812,24,0
1870,4813,4,0
1871,4814,15,0
1872,4818,5,0
1873,4824,2,0
1874,4826,8,0
1875,4829,13,0
1876,4833,20,0
1877,4836,3,0
1878,4837,11,0
1879,4840,9,0
1880,4840,4,0
1881,4841,13,0
1882,4841,14,0
1883,4842,18,0
1884,4842,25,0
1885,4847,24,0
1886,4849,24,0
1887,4850,23,0
1888,4851,25,0
1889,4858,21,0
1890,4858,13,0
1891,4859,13,0
1892,4863,25,0
1893,4863,17,0
1894,4864,14,0
1895,4865,13,0
1896,4867,15,0
1897,4867,10,0
1898,4869,7,0
1899,4877,24,0
1900,4877,7,0
1901,4878,4,0
1902,4883,20,0
1903,4886,13,0
1904,4888,18,0
1905,4889,12,0
1906,4892,9,0
1907,4898,12,0
1908,4903,11,0
1909,4903,3,0
1910,4906,3,0
1911,4906,19,0
1912,4910,23,0
1913,4913,7,0
1914,4915,17,0
1915,4915,5,0
1916,4918,18,0
1917,4919,10,0
1918,4919,4,0
1919,4921,18,0
1920,4923,13,0
1921,4924,24,0
1922,4927,4,0
1923,4927,15,0
1924,4927,17,0
1925,4935,11,0
1926,4937,15,0
1927,4938,9,0
1928,4939,25,0
1929,4942,14,0
1930,4946,8,0
1931,4950,22,0
1932,4953,14,0
1933,4955,13,0
1934,4959,6,0
1935,4961,3,0
1936,4963,24,0
1937,4971,22,0
1938,4979,6,0
1939,4980,3,0
1940,4980,23,0
1941,4983,3,0
1942,4984,25,0
1943,4986,18,0
1944,4987,23,0
1945,4991,18,0
1946,4993,10,0
1947,4995,10,0
1948,4997,4,0
1949,4998,20,0
1950,5001,15,0
1951,5002,23,0
1952,5002,17,0
1953,5004,20,0
1954,5006,18,0
1955,5012,24,0
1956,5014,17,0
1957,5017,10,0
1958,5021,12,0
1959,5024,12,0
1960,5024,8,0
1961,5025,9,0
1962,5027,10,0
1963,5030,16,0
1964,5033,14,0
1965,5037,21,0
1966,5039,25,0
1967,5039,18,0
1968,5040,15,0
1969,5040,7,0
1970,5044,16,0
1971,5046,5,0
1972,5049,13,0
1973,5052,4,0
1974,5053,5,0
1975,5057,23,0
1976,5059,15,0
1977,5060,12,0
1978,5060,5,0
1979,5061,10,0
1980,5065,16,0
1981,5065,3,0
1982,5067,15,0
1983,5072,8,0
1984,5075,13,0
1985,5076,21,0
1986,5077,2,0
1987,5080,18,0
1988,5085,5,0
1989,5086,2,0
1990,5088,9,0
1991,5092,9,0
1992,5093,22,0
1993,5094,13,0
1994,5095,24,0
1995,5097,6,0
1996,5099,16,0
1997,5099,17,0
1998,5102,12,0
1999,5103,3,0
2000,5104,15,0
2001,5108,14,0
2002,5111,4,0
2003,5111,25,0
2004,5113,25,0
2005,5115,23,0
2006,5115,14,0
2007,5117,14,0
2008,5118,15,0
2009,5119,22,0
2010,5124,17,0
2011,5126,22,0
2012,5130,9,0
2013,5136,24,0
2014,5138,6,0
2015,5141,14,0
2016,5143,9,0
2017,5144,3,0
2018,5145,22,0
2019,5148,18,0
2020,5149,12,0
2021,5157,9,0
2022,5159,14,0
2023,5160,7,0
2024,5170,24,0
2025,5172,10,0
2026,5172,10,0
2027,5172,10,0
2028,5173,2,0
2029,5173,8,0
2030,5174,16,0
2031,5179,17,0
2032,5183,4,0
2033,5189,9,0
2034,5194,13,0
2035,5196,7,0
2036,5197,13,0
2037,5198,11,0
2038,5201,8,0
2039,5208,5,0
2040,5209,4,0
2041,5212,3,0
2042,5212,14,0
2043,5215,18,0
2044,5215,2,0
2045,5219,22,0
2046,5220,16,0
2047,5223,12,0
2048,5224,7,0
2049,5227,15,0
2050,5229,15,0
2051,5229,12,0
2052,5233,3,0
2053,5233,19,0
2054,5238,22,0
2055,5243,4,0
2056,5252,24,0
2057,5256,23,0
2058,5261,23,0
2059,5261,2,0
2060,5265,3,0
2061,5267,5,0
2062,5270,24,0
2063,5270,23,0
2064,5275,3,0
2065,5277,4,0
2066,5279,21,0
2067,5286,16,0
2068,5288,21,0
2069,5290,25,0
2070,5290,19,0
2071,5291,14,0
2072,5292,19,0
2073,5302,5,0
2074,5303,22,0
2075,5306,15,0
2076,5307,16,0
2077,5307,2,0
2078,5308,8,0
2079,5310,17,0
2080,5314,25,0
2081,5315,16,0
2082,5316,14,0
2083,5316,21,0
2084,5317,12,0
2085,5318,12,0
2086,5321,7,0
2087,5325,25,0
2088,5331,17,0
2089,5331,17,0
2090,5332,4,0
2091,5333,15,0
2092,5333,11,0
2093,5337,3,0
2094,5343,12,0
2095,5346,6,0
2096,5348,7,0
2097,5354,19,0
2098,5354,2,0
2099,5356,14,0
2100,5356,14,0
2101,5361,21,0
2102,5362,20,0
2103,5363,12,0
2104,5365,7,0
2105,5373,18,0
2106,5375,18,0
2107,5378,25,0
2108,5378,22,0
2109,5380,7,0
2110,5384,6,0
2111,5385,24,0
2112,5387,9,0
2113,5389,21,0
2114,5392,10,0
2115,5392,13,0
2116,5397,15,0
2117,5398,8,0
2118,5400,14,0
2119,5401,17,0
2120,5402,12,0
2121,5403,8,0
2122,5407,7,0
2123,5407,7,0
2124,5408,13,0
2125,5408,13,0
2126,5410,17,0
2127,5412,16,0
2128,5414,7,0
2129,5417,25,0
2130,5418,9,0
2131,5420,14,0
2132,5420,2,0
2133,5421,15,0
2134,5423,2,0
2135,5424,21,0
2136,5428,4,0
2137,5431,17,0
2138,5432,14,0
2139,5433,21,0
2140,5438,5,0
2141,5441,18,0
2142,5446,9,0
2143,5449,5,0
2144,5450,4,0
2145,5452,10,0
2146,5457,10,0
2147,5457,19,0
2148,5458,21,0
2149,5462,23,0
2150,5463,7,0
2151,5464,10,0
2152,5468,5,0
2153,5474,6,0
2154,5476,18,0
2155,5481,18,0
2156,5482,7,0
2157,5487,20,0
2158,5492,4,0
2159,5493,11,0
2160,5495,2,0
2161,5497,15,0
2162,5498,3,0
2163,5499,6,0
2164,5501,12,0
2165,5504,17,0
2166,5509,24,0
2167,5514,4,0
2168,5516,4,0
2169,5517,8,0
2170,5518,18,0
2171,5518,14,0
2172,5520,23,0
2173,5522,11,0
2174,5522,22,0
2175,5523,5,0
2176,5527,21,0
2177,5529,13,0
2178,5529,6,0
2179,5530,15,0
2180,5534,24,0
2181,5535,12,0
2182,5539,22,0
2183,5539,4,0
2184,5540,7,0
2185,5542,19,0
2186,5544,11,0
2187,5552,21,0
2188,5553,13,0
2189,5557,6,0
2190,5558,10,0
2191,5560,18,0
2192,5561,8,0
2193,5566,9,0
2194,5569,18,0
2195,5569,7,0
2196,5570,3,0
2197,5571,3,0
2198,5572,25,0
2199,5572,4,0
2200,5577,5,0
2201,5578,20,0
2202,5583,9,0
2203,5587,14,0
2204,5588,6,0
2205,5588,18,0
2206,5592,18,0
2207,5597,4,0
2208,5604,8,0
2209,5606,11,0
2210,5609,8,0
2211,5612,18,0
2212,5614,5,0
2213,5617,6,0
2214,5622,7,0
2215,5628,19,0
2216,5632,21,0
2217,5634,4,0
2218,5639,7,0
2219,5642,7,0
2220,5643,23,0
2221,5648,21,0
2222,5648,16,0
2223,5650,7,0
2224,5653,11,0
2225,5656,13,0
2226,5658,5,0
2227,5658,2,0
2228,5659,22,0
2229,5659,16,0
2230,5661,6,0
2231,5663,8,0
2232,5665,3,0
2233,5665,10,0
2234,5670,6,0
2235,5675,8,0
2236,5676,2,0
2237,5678,25,0
2238,5678,9,0
2239,5678,5,0
2240,5685,14,0
2241,5686,19,0
2242,5687,16,0
2243,5687,9,0
2244,5689,21,0
2245,5693,22,0
2246,5695,24,0
2247,5697,3,0
2248,5698,19,0
2249,5698,2,0
2250,5699,10,0
2251,5702,25,0
2252,5703,7,0
2253,5709,9,0
2254,5710,22,0
2255,5711,11,0
2256,5715,22,0
2257,5718,4,0
2258,5719,4,0
2259,5719,24,0
2260,5721,24,0
2261,5722,2,0
2262,5725,8,0
2263,5729,11,0
2264,5733,12,0
2265,5735,16,0
2266,5738,2,0
2267,5738,21,0
2268,5741,19,0
2269,5745,17,0
2270,5748,23,0
2271,5749,22,0
2272,5756,17,0
2273,5757,23,0
2274,5761,11,0
2275,5763,25,0
2276,5767,13,0
2277,5769,15,0
2278,5770,14,0
2279,5770,15,0
2280,5775,18,0
2281,5777,22,0
2282,5779,23,0
2283,5780,15,0
2284,5783,17,0
2285,5784,11,0
2286,5786,22,0
2287,5787,23,0
2288,5788,19,0
2289,5789,11,0
2290,5792,10,0
2291,5796,15,0
2292,5799,7,0
2293,5801,25,0
2294,5802,16,0
2295,5804,13,0
2296,5804,23,0
2297,5806,9,0
2298,5813,10,0
2299,5815,3,0
2300,5819,21,0
2301,5823,4,0
2302,5824,4,0
2303,5828,3,0
2304,5829,19,0
2305,5834,23,0
2306,5848,20,0
2307,5854,12,0
2308,5857,23,0
2309,5859,6,0
2310,5859,9,0
2311,5861,10,0
2312,5864,14,0
2313,5869,21,0
2314,5870,7,0
2315,5876,18,0
2316,5880,6,0
2317,5882,2,0
2318,5893,2,0
2319,5894,10,0
2320,5896,18,0
2321,5896,16,0
2322,5900,3,0
2323,5902,7,0
2324,5905,11,0
2325,5912,6,0
2326,5914,21,0
2327,5918,8,0
2328,5919,21,0
2329,5920,23,0
2330,5921,9,0
2331,5922,18,0
2332,5928,4,0
2333,5932,22,0
2334,5933,13,0
2335,5935,20,0
2336,5935,3,0
2337,5954,20,0
2338,5957,8,0
2339,5958,2,0
2340,5961,22,0
2341,5964,13,0
2342,5966,22,0
2343,5971,18,0
2344,5976,4,0
2345,5977,22,0
2346,5977,5,0
2347,5978,5,0
2348,5978,23,0
2349,5981,25,0
2350,5986,16,0
2351,5992,13,0
2352,5993,23,0
2353,5993,16,0
2354,6003,21,0
2355,6005,13,0
2356,6005,23,0
2357,6007,6,0
2358,6012,23,0
2359,6020,16,0
2360,6023,9,0
2361,6028,21,0
2362,6028,15,0
2363,6033,13,0
2364,6036,7,0
2365,6037,4,0
2366,6041,9,0
2367,6042,15,0
2368,6050,7,0
2369,6057,11,0
2370,6058,12,0
2371,6059,17,0
2372,6060,16,0
2373,6073,5,0
2374,6074,17,0
2375,6075,3,0
2376,6075,5,0
2377,6076,10,0
2378,6079,24,0
2379,6080,20,0
2380,6085,20,0
2381,6093,24,0
2382,6095,10,0
2383,6099,15,0
2384,6099,10,0
2385,6100,2,0
2386,6102,12,0
2387,6104,15,0
2388,6107,7,0
2389,6109,24,0
2390,6110,17,0
2391,6111,16,0
2392,6111,18,0
2393,6115,3,0
2394,6121,12,0
2395,6122,5,0
2396,6124,5,0
2397,6124,4,0
2398,6126,22,0
2399,6131,14,0
2400,6131,19,0
2401,6134,7,0
2402,6136,17,0
2403,6137,13,0
2404,6137,14,0
2405,6138,7,0
2406,6146,20,0
2407,6147,14,0
2408,6148,8,0
2409,6150,22,0
2410,6152,19,0
2411,6155,8,0
2412,6159,19,0
2413,6160,17,0
2414,6162,20,0
2415,6163,19,0
2416,6163,12,0
2417,6167,6,0
2418,6167,15,0
2419,6171,8,0
2420,6175,17,0
2421,6177,17,0
2422,6177,2,0
2423,6178,24,0
2424,6183,18,0
2425,6185,4,0
2426,6188,11,0
2427,6190,13,0
2428,6190,10,0
2429,6192,22,0
2430,6193,6,0
2431,6193,5,0
2432,6197,21,0
2433,6198,9,0
2434,6203,23,0
2435,6206,15,0
2436,6208,24,0
2437,6213,22,0
2438,6214,2,0
2439,6227,15,0
2440,6229,20,0
2441,6235,4,0
2442,6236,25,0
2443,6240,16,0
2444,6241,8,0
2445,6241,19,0
2446,6246,10,0
2447,6249,12,0
2448,6251,2,0
2449,6263,21,0
2450,6264,18,0
2451,6264,18,0
2452,6266,18,0
2453,6266,20,0
2454,6266,14,0
2455,6273,6,0
2456,6276,14,0
2457,6276,11,0
2458,6280,2,0
2459,6280,11,0
2460,6280,21,0
2461,6287,18,0
2462,6293,14,0
2463,6296,25,0
2464,6297,25,0
2465,6299,8,0
2466,6306,18,0
2467,6311,15,0
2468,6311,3,0
2469,6313,20,0
2470,6314,17,0
2471,6314,13,0
2472,6316,7,0
2473,6328,10,0
2474,6328,15,0
2475,6329,21,0
2476,6329,11,0
2477,6329,11,0
2478,6332,5,0
2479,6337,4,0
2480,6340,21,0
2481,6341,24,0
2482,6347,6,0
2483,6348,13,0
2484,6348,6,0
2485,6355,3,0
2486,6360,3,0
2487,6362,21,0
2488,6364,20,0
2489,6365,13,0
2490,6366,15,0
2491,6368,5,0
2492,6369,15,0
2493,6369,6,0
2494,6371,9,0
2495,6372,20,0
2496,6373,14,0
2497,6373,19,0
2498,6376,22,0
2499,6379,4,0
2500,6380,24,0
2501,6381,12,0
2502,6382,15,0
2503,6386,19,0
2504,6387,17,0
2505,6388,3,0
2506,6389,5,0
2507,6390,8,0
2508,6396,14,0
2509,6399,5,0
2510,6399,5,0
2511,6402,19,0
2512,6402,16,0
2513,6403,21,0
2514,6407,8,0
2515,6412,8,0
2516,6414,14,0
2517,6417,12,0
2518,6423,11,0
2519,6423,16,0
2520,6427,15,0
2521,6431,17,0
2522,6432,4,0
2523,6434,17,0
2524,6434,8,0
2525,6434,5,0
2526,6436,12,0
2527,6444,11,0
2528,6446,2,0
2529,6448,13,0
2530,6453,14,0
2531,6453,9,0
2532,6456,12,0
2533,6457,17,0
2534,6457,11,0
2535,6462,11,0
2536,6467,3,0
2537,6467,10,0
2538,6470,11,0
2539,6471,13,0
2540,6488,22,0
2541,6494,13,0
2542,6496,11,0
2543,6496,6,0
2544,6497,2,0
2545,6498,7,0
2546,6501,16,0
2547,6502,9,0
2548,6506,25,0
2549,6510,5,0
2550,6515,24,0
2551,6515,10,0
2552,6516,22,0
2553,6520,7,0
2554,6524,24,0
2555,6529,13,0
2556,6529,12,0
2557,6532,18,0
2558,6534,5,0
2559,6537,17,0
2560,6539,2,0
2561,6543,18,0
2562,6543,7,0
2563,6543,13,0
2564,6543,14,0
2565,6547,23,0
2566,6549,17,0
2567,6553,19,0
2568,6558,6,0
2569,6559,14,0
2570,6560,10,0
2571,6560,19,0
2572,6563,15,0
2573,6565,14,0
2574,6567,17,0
2575,6569,20,0
2576,6574,6,0
2577,6574,24,0
2578,6577,9,0
2579,6578,22,0
2580,6578,19,0
2581,6587,13,0
2582,6587,2,0
2583,6590,3,0
2584,6596,22,0
2585,6602,18,0
2586,6604,23,0
2587,6608,2,0
2588,6612,18,0
2589,6612,11,0
2590,6612,7,0
2591,6614,22,0
2592,6615,24,0
2593,6616,12,0
2594,6618,17,0
2595,6619,23,0
2596,6619,2,0
2597,6619,16,0
2598,6620,17,0
2599,6624,14,0
2600,6629,11,0
2601,6630,16,0
2602,6639,19,0
2603,6643,25,0
2604,6650,24,0
2605,6655,24,0
2606,6658,20,0
2607,6662,7,0
2608,6662,17,0
2609,6667,18,0
2610,6668,6,0
2611,6669,18,0
2612,6673,19,0
2613,6678,19,0
2614,6681,17,0
2615,6682,2,0
2616,6683,18,0
2617,6685,21,0
2618,6685,5,0
2619,6688,7,0
2620,6690,25,0
2621,6696,20,0
2622,6698,2,0
2623,6699,19,0
2624,6704,15,0
2625,6704,15,0
2626,6708,11,0
2627,6715,18,0
2628,6722,13,0
2629,6726,15,0
2630,6736,24,0
2631,6737,10,0
2632,6744,7,0
2633,6751,24,0
2634,6757,16,0
2635,6758,2,0
2636,6760,25,0
2637,6760,10,0
2638,6761,25,0
2639,6762,16,0
2640,6763,14,0
2641,6767,17,0
2642,6767,15,0
2643,6772,19,0
2644,6775,18,0
2645,6779,3,0
2646,6780,20,0
2647,6783,11,0
2648,6786,23,0
2649,6790,18,0
2650,6791,6,0
2651,6792,4,0
2652,6799,12,0
2653,6800,25,0
2654,6802,19,0
2655,6802,11,0
2656,6807,21,0
2657,6808,6,0
2658,6812,4,0
2659,6814,8,0
2660,6817,23,0
2661,6819,2,0
2662,6820,12,0
2663,6833,7,0
2664,6837,19,0
2665,6837,25,0
2666,6838,24,0
2667,6849,11,0
2668,6852,5,0
2669,6855,4,0
2670,6858,8,0
2671,6862,22,0
2672,6865,14,0
2673,6866,20,0
2674,6875,2,0
2675,6877,17,0
2676,6880,13,0
2677,6884,3,0
2678,6887,23,0
2679,6888,13,0
2680,6891,5,0
2681,6896,20,0
2682,6896,16,0
2683,6898,13,0
2684,6898,13,0
2685,6898,7,0
2686,6902,15,0
2687,6903,17,0
2688,6903,7,0
2689,6903,16,0
2690,6904,24,0
2691,6905,12,0
2692,6906,11,0
2693,6910,24,0
2694,6910,14,0
2695,6926,11,0
2696,6934,16,0
2697,6935,15,0
2698,6936,4,0
2699,6937,25,0
2700,6938,8,0
2701,6938,17,0
2702,6939,21,0
2703,6944,5,0
2704,6945,18,0
2705,6948,20,0
2706,6951,25,0
2707,6952,6,0
2708,6954,4,0
2709,6957,22,0
2710,6966,5,0
2711,6972,20,0
2712,6973,3,0
2713,6979,23,0
2714,6981,14,0
2715,6981,4,0
2716,6984,4,0
2717,6990,16,0
2718,6991,11,0
2719,6992,8,0
2720,6993,13,0
2721,6995,25,0
2722,6998,17,0
2723,7001,9,0
2724,7006,12,0
2725,7013,16,0
2726,7014,12,0
2727,7022,25,0
2728,7023,4,0
2729,7023,12,0
2730,7024,21,0
2731,7024,21,0
2732,7026,16,0
2733,7026,4,0
2734,7029,10,0
2735,7030,23,0
2736,7037,6,0
2737,7037,12,0
2738,7037,15,0
2739,7041,20,0
2740,7048,18,0
2741,7051,22,0
2742,7054,23,0
2743,7054,18,0
2744,7057,12,0
2745,7059,7,0
2746,7059,17,0
2747,7060,24,0
2748,7061,7,0
2749,7062,19,0
2750,7066,4,0
2751,7068,3,0
2752,7069,12,0
2753,7069,8,0
2754,7072,3,0
2755,7074,10,0
2756,7079,19,0
2757,7085,9,0
2758,7085,17,0
2759,7088,9,0
2760,7090,17,0
2761,7098,15,0
2762,7100,14,0
2763,7101,24,0
2764,7103,14,0
2765,7104,11,0
2766,7104,11,0
2767,7107,2,0
2768,7107,25,0
2769,7109,9,0
2770,7112,16,0
2771,7114,21,0
2772,7119,9,0
2773,7124,6,0
2774,7125,25,0
2775,7125,7,0
2776,7126,8,0
2777,7127,5,0
2778,7128,15,0
2779,7129,16,0
2780,7134,20,0
2781,7134,14,0
2782,7136,15,0
2783,7142,19,0
2784,7145,6,0
2785,7147,5,0
2786,7147,19,0
2787,7148,7,0
2788,7150,19,0
2789,7151,12,0
2790,7153,14,0
2791,7156,18,0
2792,7161,18,0
2793,7163,14,0
2794,7166,5,0
2795,7167,19,0
2796,7171,4,0
2797,7173,13,0
2798,7175,7,0
2799,7179,10,0
2800,7179,12,0
2801,7182,17,0
2802,7185,5,0
2803,7188,25,0
2804,7188,15,0
2805,7189,6,0
2806,7192,25,0
2807,7193,3,0
2808,7195,5,0
2809,7197,20,0
2810,7198,2,0
